PySnooper,3
814abc34a098c1b98cb327105ac396f985d2413e
56f22f8ffe1c6b2be4d2cf3ad1987fdb66113da2
15555ed760000b049aff8fecc79d29339c1224c3
ansible,18
343ffaa18b63c92e182b16c3ad84b8d81ca4df69
5b9418c06ca6d51507468124250bb58046886be6
9d48884e36fb4fd9551f000b87d264383de74e75
18a66e291dad71128a32d662aa808213acefe0e9
3c3ffc09c203d1b2262f6a319cceadd727749761
4881af2e7e0506ada0225fd764e874e20569d5b2
4ec1437212b2fb3c313e44ed5a76b105f2151622
fc7980af9a42676913b4054163570ee438b82e9c
6f1bb37feb81acd99157f5ba0933fecd747015a2
a4b59d021368285490f7cda50c11ac4f7a8030b5
52f3ce8a808f943561803bd664e695fed1841fe8
2fa8f9cfd80daf32c7d222190edf7cfc7234582a
694ef5660d45fcb97c9beea5b2750f6eadcf5e93
7acae62fa849481b2a5e2e2d56961c5e1dcea96c
68de182555b185737353e780882159a3d213908c
93d9d640380252084855885ad27873b4377898ec
b38cb37728df76e0529243bdce694b18ca0e1163
056aac1e3012d0e65991b73f2478b844b7cbdfc8
black,23
c0a7582e3d4cc8bec3b7f5a6c52b36880dcb57d7
892eddacd215d685e136686b7f629ade70adca83
7a14a37981862ef418f3cdb4a7e2375856f97529
c7495b9aa098ef7a358fc74556359d21c6a4ba11
9394de150ebf0adc426523f46dc08e8b2b2b0b63
f8617f975d56e81cfb4070ce65584f7b29a77e7a
de806405d2934b629d67e2a6317ad7e826765a20
6b994fdb8ab70ce4c2eafb8f2f0ff2648f3ff1ef
d6db1c12a8e14833fe22da377cddc2bd1f43dc14
66aa676278948368dff251dffd58c850cb8b889e
024c9cab55da7bd3236fd88759c9735d6149b464
b53cb9474348e13533ccba3735191a55ef3da6c4
883689366ce0f0e0ddd66d81360c61abfd19b01a
dd8bde6d2fbfe8a7a11093e761a0cb5837efa96a
df2ae3bbe6c45298aabb6c04e85cb353205626f1
42a3fe53319a8c02858c2a96989ed1339f84515a
7fc6ce990669464f5172b63fafa3724f5f308be3
00a302560b92951c22f0f4c8d618cf63de39bd57
29e97d1d4a7717f1bd0ca35cacf2f2ce6d815b0c
06e95b1e9bcd43c4574840f8174ba4b2c5d281bd
8e7848c63efe36f09e4651bece8c0efc34a1c3e1
c55d08d0b96c8de8bd867ca315e380d9e9d2d7ec
6316e293ac30a2837ec20eba289fd28a2a18cf89
cookiecutter,4
7f6804c4953a18386809f11faf4d86898570debc
90434ff4ea4477941444f1e83313beb414838535
7129d474206761a6156925db78eee4b62a0e3944
457a1a4e862aab4102b644ff1d2b2e2b5a766b3c
fastapi,16
3397d4d69a9c2d64c1219fcbf291ea5697a4abb8
02441ff0313d5b471b662293244c53e712f1243f
aea04ee32ee1942e6e1a904527bb8da6ba76abd9
74c4d1c1dbe6bfdb05d6e4fc767ffe062398f0a3
75a07f24bf01a31225ee687f3e2b3fc1981b67ab
874d24181e779ebc6e1c52afb7d6598f863fd6a8
19c77e35bdde33aeec1eb2cfa680f95016492b69
dd963511d699b463b416408a0ad705b3dda0d067
c5817912d2be25bb310bf9da517882f57bbe7bb5
38495fffa560fa57a8f0e6437d8e43c36c8e5612
06eb4219345a77d23484528c9d164eb8d2097fec
d262f6e9296993e528e2327f0a73f7bf5514e7c6
c8df3ae57c57e119d115dd3c1f44efa78de1022a
b7d184363fad5f6b55d15ec3a3a844aa81092bbd
6d77e2ac5f2cadc63424f2d85d8d8cded2975922
9745a5d1ae86a7fefacf79bdde8e5dd2d59fa2f4
httpie,5
5300b0b490b8db48fac30b5e32164be93dc574b7
e18b609ef7d867d6efa0efe42c832be5e0d09338
589887939507ff26d36ec74bd2c045819cfa3d56
040d981f00c3f6830b2d0db3daf3c64c080e96e3
90af1f742230831792d74d303d1e7ce56c96d4bd
keras,45
8e23a3ec47a2ccbf6cdd222a80886c6b9f17264f
c24d16af155e20976bdf61e468ba760408e676ff
c13d2723d01212d09dfdda39b0ad439803ec9230
4185cbb50bfcae9cc30b0fc7b67e81d67a50a8ac
d78c982b326adeed6ac25200dc6892ff8f518ca6
0505393746d56ddacc34bb1c016dba79429c9ac9
e11c48d9ce3ee47bb8a966549b14cbd5b10ee70d
c1c4afe60b1355a6c0e83577791a0423f37a3324
4b54657ab4806b0aaef8f8eeb973edb83c3d3483
c05ef1fd95a6024155ab59656fef8dac5a45c335
d6b5c5ebb410e3366c9d7aca41977a60134bfe10
6dff721a3a8755356b2e89d02ef63ad8ab38ec95
a07253d8269e1b750f0a64767cc9a07da8a3b7ea
02bc5010a04bb11c8e91835cc9775c8149dec754
f60313e29657b2afb6a02f28dba5936bc0dd09e6
fe38f9dfc8c732a77ac03507b63c79b1d2acfba2
5a6af4bc6d44e9adbc2a21804bfcd18c4ce849ef
244546c2fe5165b6770eb456afd5fac8878473c5
66f8cc7ac4942f7f9fe0164a2a854a6264b87735
6dd087ab73b09e449144ff17450cc14f981b9ac2
1fc585adb57f20a2acf69f0cd08b731259b8d2f8
ee02d256611b17d11e37b86bd4f618d7f2a37d84
69c30a150f0b2caee7961ca1c0080960ef5ad6f6
bcf0031b54d555179be81c088cc3df0a723d7907
84e168b5fa55933e02e767ff7c86fcc0232aecc6
97d5fa920e4f8248128f7c1b460fd9bb20d3478f
b076e227da6beaf87d6c84eff1a92285e4662acf
5422fdd38baad36730cb6aeb946e17eeae6a551c
adc321b4d7a4e22f6bdb00b404dfe5e23d4887aa
2c8d1d03599cc03243bce8f07ed9c4a3d5f384f9
e2a10a5e6e156a45e946c4d08db7133f997c1f9a
709f791af201caaab4aa180bda259989087cfe47
70ad0d6e4a569701ef106058397ad0540ec08340
4b74fc5418944c9f449eb88ed4b40ada280fa5ca
738819de0b7e6bc45abed8d0640f02b81c6ac4e9
fb1887d132a8ce8548ff53d868a6ba531cd63b34
1d2ad790dd43a2d702176c1170b2f3fd592a385a
64f80d6077edd5f277a1181df94bf4510ea0517a
a5ecde595c47f35fd7293d52eba48efd687ca94e
4cad455ef4da600c96ddc69800bab39d0e52b677
4a58b178073f0ba3b166220f7ebd7d56149bfb20
2f3edf96078d78450b985bdf3bfffe7e0c627169
b17169ca5d6cd1c8aeb237fc2bb0555c9e1b6a02
3292aa5a30350c67627f173ceac713956f68271f
159bb1aac17a8de0f96997d35703b8f26926a848
luigi,33
aec5dc2ed8db53fc282a0bd24aabe59031b6d1ba
24e85945ae39e5975491527e00c3f0f64b42ea6e
3a0bfbff69addfb3be1107adab3d4914bcae3e4b
8501e5dbb8d3040453a89bb0d3562526086d51e5
1fbec18ceb7c5de352e6d1df12960c61f09e67c2
ce881b2a95743887c6147ff4ba23ce5f622b3f5e
daf9ce99a3a7ed4227d1564570c5fce8848357e5
8874b93165953c4f6bbe7b747804654d13290018
b7115974c3deadf77113686248b39567cb67e38f
3c55acd2cd5cf9c6c760bec5bb3159e0bc48a614
70d8734d60e168389f425082b41b1936d63c028e
b3e9ad57f8502a390686957b69070105fddcfd49
a8e64fe7f83d69702166a44c7e8cb9470ff31040
43f2de2646c8e1efd6e17ffabbb11accc21e70b6
736c0f1352463c20ece84f2f651bcd37fd2b88ae
96f2b5a97c2cc5f63bea0f422c57f93dcec0ebac
e38392a1381dd8daee0f180f0ac7f651edb88e0c
c521d59c5eacf6c19ce3c17a62f73e042fa0556e
6cffbf438d023441f7f42c2019a51c62eecd9018
c3d685e2b03369aab6f4d86ed1c95169c1c2c217
1a6a89d8b510089392bb407d4ec660451deb1f23
2db9768958c9665c2bb78f040054a25534205fc4
dc41727f4de88f86f4e77aa45be51eff4ee6b3be
8a4f73296f237fcf8182c342e62c2cb201c717df
040bbc9ef8d1703b64d13c60f271fded63e13601
13673fd488c25325db633b1d49e664fb937fabc2
fa17292ebb54c8b83db8cf0995618a2a057103a6
e2be971226c34a193d7029c51206e488b6a037cd
2898a2d2d178499435892d7a69bb1dfc90c70b29
f1e3fb48fe9877e511a2d079636fd75eaaba4573
c0857e9e06012b696017e0a353ae74f4f621d066
027ac3fbcf66d5d21554c9ac6da26eee5c2e0f3d
fccb631a14e1d52138d39f06004be14ca8f3337d
matplotlib,30
5324adaec6a7fd3d78dea7b28451d5f6e95392a6
d86cc2bab8183fd3288ed474e4dfd33e0f018908
2a3707d9c3472b1a010492322b6946388d4989ae
d84f4a7ac8d43d1288cb8ce11ab60ae557306b7e
66289c4f1895b8c65ca92a03d92f6b1cfa552267
ac400b51bb31b91920ee9aae02a0606a67983a8f
c01f9d3eff9b6239446c1bb2d205eccd69054aeb
2f41868de465b86d2fc357f7ed58ff323d58030f
1986da3968ee76c6bce8f4c04aed80e23bd4ecfa
382be60aec3e6ebbf92f3d5792ba059bf3cfe6cf
af745264376a10782bd0d8b96d255f958c2950f3
eb4b15b47a4d019f0e9edb2fb0587aebc2dbd8e8
c986a12b6d0d0d44f5a87f7cd4408f38040e2537
fafa132484872141431a5be3727eab1d8b3c7b82
c7df5d2770030fe4588a0fc1ab4449a689554dfc
5d99e151be80bcb0b3b6d081fd3038330f573d94
05a5db0fec2eced55076736f0b9520641b279ad6
47479b04b6718a65ebaac094db106d44b40da509
670d5614e884be8013cf5dbb2160b4d33314d771
5375487ab28c877c8008c5a178e0b81a6e267957
6fceb054369445d0b20d2864957e8bcfd8d2cb87
2349d826a170a10510d1ee8be02eaff51f7ee89f
418a1adf597b4d7759dcd64b864bd64cc1b507f4
407a9fe71a4c0a8ba4914b8f54f21d32d6dd2d74
557375ff91f64c1b827f6014da2d369513a69316
02f25d60139b160fd9b321802b4a2f6c6f3f8672
94ac78a47cfaed9a09e5fd8295b88e8248b67f55
fc51b411ba5d0984544ecff97e0a28ea4b6a6d03
184225bc5639fbd2f29c1253602806a8b6462d9f
d4de838fe7b38abb02f061540fd93962cc063fc4
pandas,169
55e8891f6d33be14e0db73ac06513129503f995c
e41ee47a90bb1d8a1fa28fcefcd45ed8ef5cb946
d3a6a3a58e1a6eb68b8b8399ff252b8f4501950e
8cd8ed3657e52ad9f67e17b7f5c20f7340ab6a2c
2250ddfaff92abaff20a5bcd78315f5d4bd44981
2250ddfaff92abaff20a5bcd78315f5d4bd44981
d09f20e29bdfa82f5efc071986e2633001d552f6
ebb727e5cd8865a7f5d6cfb4b22d3278b6bf5e6b
e1ee2b0679e5999c993a787606d30e75faaba7a2
b7f061c3d24df943e16918ad3932e767f5639a38
8aa707298428801199280b2b994632080591700a
91150d976ac41bd93a0e6516b2090c534f91aff2
dd71064327721c1ec7366000f357b0c08bcec4d2
71d610596ed128055614eb660f13c88168bfe22f
74e8607cb163b76ccf272ac72ae6b7848fe930c8
afb04645b5b3361814f7d00ef68ce8d68e19ddb8
cb71376385c33270fa1922aec9eb6c49de4336f4
c6a1638bcd99df677a8f76f036c0b30027eb243c
92afd5c2c08216e4e9c80eb6b92b1660f91846e0
56d0934092b8296c90f940c56fce3b731e0de81b
299e27da8a75d02d84870c1ca5971f4dd0f046e6
38b669a206b151e0a2bb985200d4a493c4ac078f
6367bd23b935a85f1bcd2ae762c7f08433d0efbd
73d614403759831814ef7ab83ef1e4aaa645b33a
70ca24680d3e51fa4b957366e8093b3cc755462d
13dc13f12c0fca943979cde065b7484bb0e40d66
ef9b9387c88cf12b20dd8656dfedfc236e0f3352
4334482c348c3adc69683c8332295e22092c1b57
d857cd12b3ae11be788ba96015383a5b7464ecc9
8267427bfe567eec9a098aa8c071dddcc1d289f9
c82cb179affed1c1136431ce39e4c66f4f3a65c0
89d8aba76a2bb930e520590d145e3d67b2046e39
cf9ec7854ecb80709804178e769425f02ddf8c64
f10ec595eccaf86a9f52fe9683e1181a51ba675b
51f114b9882a5cf819efddb8be74524814f437e1
845c50c9e2ce611c773422ae9db7097fc3e5fba5
e7ee418fa7a519225203fef23481c5fa35834dc3
a3097b5bd172e76dd3524eb5dbe18b6b4c22df50
8a5f2917e163e09e08af880819fdf44144b1a5fe
d4273353bc512e3b4e79c361b879633f33ec7289
05780a760400e42ce1b00200dd8204ae4f94044a
be7bfe6ab7ae2cba056f61dea6c3b0226bf80082
50817487ce5b1a2c4896495509e2b53e22fa3212
74f6579941fbe71cf7c033f53977047ac872e469
0ed6d538c38010bcbd540cd6413ae8e4b749d9e6
810a4e5b19616efb503767b4518083c9a59c11e6
9e7cb7c102655d0ba92d2561c178da9254d5cef5
37659d47a685ecc5f5117aa56526ece0106c6d0f
821aa25c9039e72da9a7b236cf2f9e7d549cbb7b
ea1d8fadb95fbc7cafe036274006228400817fd4
7017599821e02ba95282848c12f7d3b5f2ce670a
020dcce17e3bd0983fca5b02556bd431140ab371
00e8e4ab0c5e4c7bfb3e356e660d9f088d4a82a4
628dfba239865adc09c94108b288bcb60c619950
dafec63f2e138d0451dae5b37edea2e83f9adc8a
84444538a88721c5ee74de8836b716d3c1adc4b8
16684f2affaf901b42a12e50f9c29e7c034ad7ea
8dd9fabd2ad9104e747084437b9ad436d5be087a
fcf7258c19b0a6a712f33fb0bcefdae426be7e7f
f7e2b74f1bcc1d1cbebbc42481e33f0abb2843dc
74dad82827e9b13552df2d6d3fbbeb901821b53f
e1ca66bae38b8026079dfcbe0edad5f278546608
d0c84ce57d23a409169daf7232ec7681e42363fe
2f9a44635bd8d468cf008f2855ce2dcfb9e90586
d84f9eb32aea33a8f790e8e365cf226eddd5c7a7
1996b17599731b889895b0e1edf758588c068fbb
d28db65bdba16e9400a16469ba2707f94ae63483
64336ff8414f8977ff94adb9a5bc000a3a4ef454
948f95756c79543bb089a94a85e73011a3730b2d
06ef193a5c1957c0a76e3e88bc7b834b38972c39
a5daff22e6e37af4946c614f85b110905e063be3
0c50950f2a7e32887eff6be5979f09772091e1de
6f93898d32c0f1fdb382d1e9dee434c158998374
839e7f1416148caff518a5b75327a2480a2bbbb4
9a211aae9f710db23c9113aea0251e2758904755
47922d3b00edfc264f73b1484589734bbd077c11
daef69c1366e31c3c49aea6f2e55f577d0c832fd
bd6b395a1e8fb7d099fa17a0e24f8fe3b628822c
0b0cd08524e4472eb15835c2b91621dc0a6eeeb0
351760c0655b6c383e449cf857b9a718e3545229
339edcdb7ecc6edc6fde1b7d1413dbb746d2bcca
e83a6bddac8c89b144dfe0783594dd332c5b3030
7ffcf9d6753e7de2c5318e8e0ecdc63586d502f3
24d7c06130f9c2aeebedc26971b244ce076f7d0a
29edd119d31a9ee7d4f89e8c1dc8af96f0c19dce
f792d8c50ee456aa8aa2ae406d8e6b8843f45614
a890239b7020dec714d9819b718d83f786bfda34
586bcb16023ae870b0ad7769f6d9077903705486
feaa5033b7810f7775fd4806c27b2f9f1e9b5051
1c3d64bae7c07b5ae1be337e0ebd751385b7ce27
cb9a1c7d0319c34a97247973ca96af53ead8033a
511a2847f4330c54d079d04b3cac4febe0fe9915
bde25278ccf4fb2d751c5e99e24b2270e0d62ef7
613df15047887957f5964d2a6ce59ea20b0c4c91
c99dfea33612f44e97c2365f78c0ca6d5754a1bc
6d67cf9f02dd22cc870fd407f569197512700203
6f690b088190581552e04c53288819472fdb2dbe
09e4b780f09c5aa72bb2a6ae2832612f81dc047f
b8043724c48890e86fda0265ad5b6ac3d31f1940
2b1b3da4c68fdaf9637d12706c5ba3de1a9b20de
27b713ba677869893552cbeff6bc98a5dd231950
765d8db7eef1befef33f4c99d3e206d26e8444c8
19578e364fb47ce10dd14174cffc3ecfea1a58cd
8e9b3eee812b70197341c26c40200d8a1a77ed9c
cb5f9d1ff407f5ccef7c717e0c23bbd6ed96cf5f
e46026ff4669a30192b91e362ce8cdcbc9693870
fa4949f27ccfbc255bb8dbcd5ec5464b8663f1d2
53a0dfd41a65a33dd7b0963734b24c749212e625
68b3eb4f5a7fbc223accbbeddbf03ec8ea31af00
96bb151fe1a5b812ecab400adcd297d14fd0e0e4
27836e93dc3c9d55c60282ccb15c88c42a340d87
8a354b7630f74739212725c38cbaa9b069191a88
8705aad961dd227d38ff93a39697547b98109c9d
9a222ea0300053ff46da984e3b3f68622ccba9c3
386494d0dc851be9e86b1576f30fa8705df4d47b
c4fa6a52f7737aecda08f6b0f2d6c27476298ae1
f98d2b6587b74c9a640b062d94911b199d962119
76e39ebcf584042fab4f224a6bd2c903bb0c8aff
e0bd4d5dd07cc481cb52de3cf3c7bf199cb2df07
c5a1f9e2c373ced9ef2f02ab64d11eaa7b4248f2
958756af5cb40658e975a70d29089b68aea93040
30059081e946a2020d08d49bf4fa7b771d10089a
17fe9a467581ca39f44c89876ebd0d38b9ca77ea
5a0f7e9e03976020ba52a7473f90cb1c8a4354c0
fb08ceeeeba2ba62f92b47d424b3ae83c20ed9db
e639af2afd18b90ab9063df9c1927ae1f357a418
710d82c0d393c9031e469ec0371660d8187b7dc3
112e6b8d054f9adc1303138533ed6506975f94db
82c9547ddcaf2fd70e00f1368731f14a03bbac88
8efc717e4652e1e4bfbc4455da1d40eb676eed91
bf5848f111c92fc5c6c11a93a3bc2480f138f1b1
bd8f07fb29d2ac819f4c8e8e1b8e6d40f8b0f40c
c983d52e3a3a8a191359814417f375b1dc8b04c1
b1eb97bdfe17f477600eef19e82d65480457bbf5
f41219179de69fed5c2a4b7df821394af1aa6559
6241b9d3b3b8fd688cf32e45539719f1b9ec25c1
48f1a67469c91c38e78ebb2648061fe73dd79e6b
c59c2df94e5563819a824f49fa6f55636bdb4445
0ffdbe36f0df732f2700cda4a84be758084ff901
4375daffeed16531bae3fdaf85324b590d1dcb59
411dd249e755d7e281603fe3e0ab9e0e48383df9
65815e6f33e25991e3d40a53c581ffb3c7daf70f
df918becf698741861da0e9b7e810d477b0eb194
ffe6cfdbf82d663c3f77567bde11f1666de1df38
f08a1e62e31fc11e7e5bd7bec72b7e6d86473423
74cba561ece511e24abb5145225bf98a929ca6c9
773f341c8cc5a481a5a222508718034457ed1ebc
95edcf1cbee630e42daca0404c44d8128ea156fb
fa1364d1299a53093bc704f9c34c595b602a568b
d38627b5889db3f663cad339fe8f995af823b76b
5a227a410c520ceec2d94369a44e2ab774a40dc3
f61deb962ac0853595a43ad024c482b018d1792b
0c0a0cfbadcf01864d499599712edc9022eea12e
e0c63b4cfaa821dfe310f4a8a1f84929ced5f5bd
0bde7cedf46209a9fd4fa8c7f9fbce8b49aa78cd
05cc95971e56b503d4df9911a44cd60a7b74cc79
def01cf7bbb5ef8c9bf2e19737ea918e6a76a143
b1c871ce4b5e76b3cffe1ebd4216d36379872352
62ab439b168d972546e06d329916c6be7ddd1288
fb62fcf91c874e9c24fa83693c4e6e613f35f864
ca5198a6daa7757e398112a17ccadc9e7d078d96
640d9e1f5fe8ab64d1f6496b8216c28185e53225
f669f94a186ea444cc771985a915e90eecf218a9
61819aba14dd7b3996336aaed84d07cd936d92b5
9b1c005142fed227081dd454eab1a414168d458e
d44fb07063e9a8bd8a209ddce35b40d8a56c8d02
226398224d260d908a1f3d0f23c16fa9ffc8f9b0
1fa1ad91b29c5474cbb86cbcbcdcd50537cad0ae
01babb590cb15ef5c6e9ad890ea580a5112e6999
sanic,5
44973125c15304b4262c51c78b5a86bd1daafa86
861e87347a2d373d6ffa387965a6887c83af632c
801595e24acdf8050b8d3ffa512d424147848d32
e81a8ce07329e95d3d0899b1d774f21759c28e0e
b63c06c75a54752d7f3115d3c635580db44b8399
scrapy,40
cf9be5344a89dd8e14f8241ec69de9c984ec1e05
9d9dea0d69709ef0f7aef67ddba1bd7bda25d273
439a3e59b8e858441f8d97dbc32f398db392330d
66cbceeb0a9104fc0fa238898e38d0d9ce9cbcf6
f701f5b0db10faef08e4ed9a21b98fd72f9cfc9a
16dad81715d3970149c0cf7a318e73a0d84be1ff
6c3970e6722191b642fd99c6c1bfed0d93010cab
acd2b8d43b5ebec7ffd364b6f335427041a0b98d
25f609e2a3c27ca7d7d98dbfddb2c049735935bb
a1e8a8525d2312842c7e1cca8ba6e4e1a83084b7
074caf434e255bc96f106e57e3e288028f372485
4e765acaed7a914630ee5320fa6f6523890a2b9d
ff3aec661355a82a6f77355a95e1f391fa586c2b
db408528928b2d15043593032913fe40d6eb6783
9de6f1ca757b7f200d15e94840c9d431cf202276
414857a593ad5b82fa21d6344928f43f93dc9f14
2c9a38d1f54a12c33d7c9a19e021c840c4a32dee
d43a35735a062a4260b002cfbcd3236c77ef9399
1aec5200bc81493623f2a4e077b4e80e104e47d5
68dedf54cb27847f6d035099b61aa06226549fad
65c7c05060fd2d1fc161d4904243d5e0b31e202b
cabed6f183cfb2ab778c57be8c75802fec5e54d4
1f743996ff00a7b728d59b93d0967e1eb50072f0
25c56159b86288311630cc0cf6db9d755aeeff1e
a8a6f050e71fbb7881076a8d6e2867e868d26016
bb2cf7c0d7199fffe0aa100e5c8a51c6b4b82fc2
f1d971a5c0cdfe0f4fe5619146cd6818324fc98e
0f527849f2e8eddaf5d756b061699f2eca522a18
f042ad0f39594d59a1a2032e6294ff1890638138
9548691fdd47077a53f85daace091ef4af599cb9
03f1720afb4a437314659a306286f440df664a0b
d164398a27736f75286cc435eca69b06ff7c1c06
457b97c13ccf9a84f3dc7800c180cf059822c09a
8d45b3c4810cb5304ba1193b45697a0df1157326
dba7e39f61cbe2c22d3c9064f32f6e36d74f14b2
3e6d6c43ac0763adf2cd92efdb4a1dc2ba165440
aa6a72707daabfb6217f52e4774f2ff038f83dcc
6dccb3a9b320a8d0808764ac8e6e88e663e2d52c
773ea5a5ef76426dd91a8669542d2602082a5746
c3d3a9491412d2a91b0927a05908593dcd329e4a
spacy,10
a987e9e45d4084f30964a4cec9914ae6ed25a73c
cfdaf99b8029d6762730c5d5bd2b6f6c173c1241
663333c3b2bad90915d1a48a626ca1275b7ef077
9fa9d7f2cb52ce6a70c264d4e57c7f190d7686bf
3bd15055ce74b04dcaf3b9abe2adeb01fb595776
afe4a428f78abe45d6104d74ef42a066570fa43d
6f54e59fe7ccb3bacce896ed33d36b39f11cbfaf
5efae495f18f37316bd641a05ca26e62cb78e242
3297a19545027c8d8550b1ae793ce290567eff32
52904b72700a3f301a26563d3f94493bad96a446
thefuck,32
444908ce1c17767ef4aaf9e0b4950497914f7f63
78ef9eec88f43d5727986be2237f6e0e250cbbbc
ce5feaebf7fd5c1190b5e14fbc1e962cc8db5f39
8db3cf604865e559090412ce80b0640e290ad83a
c205683a8df8a57e2db1e9816a5a7ce3255b08fc
7c858fadb3458be829d3d43666ccb46c3ed5b8a0
75d2c43997ca703150cbdb4c46ed7b2e2e71fd11
be48f027847161f907def8987706041c65a1fd58
feb36ede5c518fdc3b6eddf945b2d8b1e2294d15
0c84eefa55fc1b4bc4940b41d74568884344e35c
db7dffdb44ae5c7be8de088765463fbda96197d1
ca787a1cba3cc9b26b43919c5e60acb40ebcd919
237bc579994de633fe104714156ddfa925a50b6e
db6053b301e2b3f4363401e457b5dc4ad2e8429b
41707b80c61acadb7c87b0efcbf10f4186dc5937
bb5f6bb705a3b217eb682f3357ec6bbb709555c1
7ce4307c87c1e2e4106db2c961e48e249be987be
c3b1ba763708b8faaaf55717c436c4cd4c57a7ea
dc23d67a42dad54308a753639edd1ea0d15cb2e7
280751b36e715b006c631ba6c08de99ccc74f6d2
213791d3c2af379ffa37a140735998736b41912e
e2e8b6fc865452b4cfc1bed70e5b9b49807258ae
9a02e821cdc58a4aba2c0acc521fb25cacab87a5
5d74344994da89ed01afd448f1c9d86b85e85351
298c04f89c081dc16c8653aa017ca85dd14bfad6
feb3eee2a08f0cba4552373d728509bc90b561ab
1becd92b126a368d6e7d93aa8eea209414ce4aa2
9b30ae0424607a4e268bd26eaee8ccb91a5588f9
88831c424f569e6a55fc98883d3eeecc7d425b18
43fead02d3a24fef71534116c5550def0f56830c
1285303363bc420bd7606bd5f808e3f2b4f0e83f
25cc98a21a3450a046caf418f08713c82a290805
tornado,16
4677c54cc18bbfbdf0f4dadf11610fab6203fd63
4f486a4aec746e9d66441600ee3b0743228b061c
aa622e724f80e0f7fcee369f75d69d1db13d72f2
db529031a1e1a6e951826aba0b7d0b18f05cd4c7
886643965b5cb782503d8d7b374b7a794ec2077b
2905ee4fb3c283d40b10f609359e189c83a0dc06
a3b44cd701e0e82693363701bc0346b0125d2362
5d4a9ab26372efd255bbb29fde55c41395ed17b1
86cc31f52992fb9d11f92de6fd5496842fea2265
5931d913b4ea250891a0b582f1f8b2901b868c79
1131c9b50a6a4c0868d0d6fa5e0be077cf8fd1ca
34903f9e1a99441b2729bbe6f1d65d46cf352ea7
301f52b532c071a0d2fec1eb7c23f2714bb38567
1d02ed606f1c52636462633d009bdcbaac644331
ecb3ea7543cc942659faf3d2144853018afa6139
d1676810ef5972c4defb0a710a1d8f8a0018983b
tqdm,9
c0dcf39b046d1b4ff6de14ac99ad9a1b10487512
127af5caf19e7d29c346f5ca8a9c7ef3004b664b
73962a47026dd980ac0758820efc9c41cbf938e0
964dee631d0ed30e2f799b42fc58ba5e73795a08
4f340697af69b71850aad496387c9c5aa1904136
6dad2e89019317e875c46d5a3a82a811ad6de2f9
4efd35246c924236f34d8130b1055a3c3ba78605
cae9d139c6df5614be3bf6e25ccbd600ee3286dc
d877c1dfb4739852105f7b967a8fceb869ac5042
youtube-dl,43
84213ea8d41d5fe1608333a16ac578dccdf9a915
348c6bf1c1a00eec323d6e21ff7b9b12699afe04
e118a8794ffe5a3a414afd489726f34d753b0b23
fad4ceb53404227f471af2f3544c4c14a5df4acb
1cc47c667419e0eadc0a6989256ab7b276852adf
c384d537f882efab10a78a56ce6dcb0a30f54b47
9d6ac71c27b1dfb662c795ef598dbfd0286682da
3869028ffb6be6ab719e5cf1004276dfdfd1216d
95f3f7c20a05e7ac490e768b8470b20538ef8581
5b232f46dcbdc805507c02edd4fd598f31d544d5
0396806f671e5828c2abdeb8048acf8b654507b6
15da37c7dc8cf14ba5ce880aa1805fceaa71fc44
609ff8ca19f1c4c168a81121074b91cc0f0d4c47
4b5de77bdb7765df4797bf068592926285ba709a
db13c16ef8968613680e2bbc85f373c3e74faf98
b3ee552e4b918fb720111b23147e24fa5475a74b
189935f15960300d316e8b07108b076ac6c2186a
e5a088dc4be4fdcc96927a9f1b7284d4cd49c415
e4659b45474acb563db0ab4284abdfc80837307e
7dc2a74e0ac9cfa74cc9de6f586ffd5cc8bac0d9
47212f7bcbd59af40f91796562a6b72ba0439ac4
db2fe38b5508cbd28b89893219d9cccd41406851
d631d5f9f27f93767226192e4288990413fa9dbd
7aefc49c4013efb5056b2c1237e22c52cb5d3c49
6a750402787dfc1f39a9ad347f2d78ae1c94c52c
d01949dc89feb2441f251e42e8a6bfa4711b9715
bb8e55366289e0c129ef85abb8c1ac1cbae86a66
f5f4a27a964b41646303921104f4d6d6fd2098e4
cf2ac6df6896dac4d23918867bb86fac1e1088d9
d305dd73a3d6927f0a2c63d08662a183fa173833
e8df5cee12378acd708b6686130a73c5edc06f0e
609a61e3e6fffce3d45e845f33ae2c5fa2d432ac
6ad4013d40e839211e2896129eed05ccd40ee963
410f3e73ab268f74a455798ee39de5caba90caea
99b67fecc5ab6c57eada1e1678034dd71c57e338
a020a0dc20ced6468ec46214c394f6f360735b1d
a6da7b6b9657f621a927cb4c7bc46cf7c6c27b11
676eb3f2dd542be3e84780b18388253382d3e465
b74fa8cd2c9deb412ac277c6cc44847c3839b844
b53466e1680db3d710415329674c887d38af46c5
026fcc04956f2077a50cd4b4e9b87f45d2bcddea
5aafe895fce2a7be9595cb2e56b7bd73a748e6b6
d6c7a367e88096bb17e323954002c084477fe908
